mean_fit_time,std_fit_time,mean_score_time,std_score_time,param_n_neighbors,params,split0_test_score,split1_test_score,split2_test_score,split3_test_score,split4_test_score,mean_test_score,std_test_score,rank_test_score
0.0003666877746582031,0.00025789168042894084,0.0008249759674072265,0.00011034710383084729,1,{'n_neighbors': 1},0.9583333333333334,0.9583333333333334,0.9583333333333334,0.875,0.9583333333333334,0.9416666666666667,0.03333333333333335,3
0.00022139549255371094,1.283090735066802e-05,0.0007174491882324218,1.3387495132823512e-05,3,{'n_neighbors': 3},0.9583333333333334,0.9166666666666666,0.9583333333333334,0.875,0.9583333333333334,0.9333333333333333,0.033333333333333354,4
0.0002185821533203125,1.2179806271291114e-05,0.0007136821746826172,2.0993618971776717e-05,5,{'n_neighbors': 5},1.0,0.9166666666666666,1.0,0.9166666666666666,0.9583333333333334,0.9583333333333333,0.03726779962499651,1
0.0002151012420654297,1.550520177208755e-05,0.0007136821746826172,1.6504077321497688e-05,7,{'n_neighbors': 7},1.0,0.9166666666666666,1.0,0.9166666666666666,0.9583333333333334,0.9583333333333333,0.03726779962499651,1
